<?xml version="1.0" encoding="UTF-8"?>
<export version="E">
  <design>
    <source>C:\Users\mcalhan\Documents\GitHub\RemoteLabs_Supervisor_PCB\pendulum_daughterboard\Driver PCB\Driver PCB.kicad_sch</source>
    <date>23/06/2022 15:05:01</date>
    <tool>Eeschema (6.0.5)</tool>
    <sheet number="1" name="/" tstamps="/">
      <title_block>
        <title/>
        <company/>
        <rev/>
        <date/>
        <source>Driver PCB.kicad_sch</source>
        <comment number="1" value=""/>
        <comment number="2" value=""/>
        <comment number="3" value=""/>
        <comment number="4" value=""/>
        <comment number="5" value=""/>
        <comment number="6" value=""/>
        <comment number="7" value=""/>
        <comment number="8" value=""/>
        <comment number="9" value=""/>
      </title_block>
    </sheet>
    <sheet number="2" name="/LED_Circit/" tstamps="/1a3370a0-6778-4601-bc8e-4c18ed659ac3/">
      <title_block>
        <title/>
        <company/>
        <rev/>
        <date/>
        <source>LED_Circuit.kicad_sch</source>
        <comment number="1" value=""/>
        <comment number="2" value=""/>
        <comment number="3" value=""/>
        <comment number="4" value=""/>
        <comment number="5" value=""/>
        <comment number="6" value=""/>
        <comment number="7" value=""/>
        <comment number="8" value=""/>
        <comment number="9" value=""/>
      </title_block>
    </sheet>
    <sheet number="3" name="/Microcontroller Circuit/" tstamps="/5eb8c919-129e-40b1-9073-45f4fce50973/">
      <title_block>
        <title/>
        <company/>
        <rev/>
        <date/>
        <source>Microcontroller_Circuit_sch.kicad_sch</source>
        <comment number="1" value=""/>
        <comment number="2" value=""/>
        <comment number="3" value=""/>
        <comment number="4" value=""/>
        <comment number="5" value=""/>
        <comment number="6" value=""/>
        <comment number="7" value=""/>
        <comment number="8" value=""/>
        <comment number="9" value=""/>
      </title_block>
    </sheet>
    <sheet number="4" name="/Drive Circuit/" tstamps="/5211c356-7b0e-4baf-ab64-1fbe491c28e7/">
      <title_block>
        <title/>
        <company/>
        <rev/>
        <date/>
        <source>Drive_Circuit.kicad_sch</source>
        <comment number="1" value=""/>
        <comment number="2" value=""/>
        <comment number="3" value=""/>
        <comment number="4" value=""/>
        <comment number="5" value=""/>
        <comment number="6" value=""/>
        <comment number="7" value=""/>
        <comment number="8" value=""/>
        <comment number="9" value=""/>
      </title_block>
    </sheet>
  </design>
  <components>
    <comp ref="A1">
      <value>Infineon Motor Shield MOD</value>
      <footprint>Audio_Module:Infineon Motor Sheild hiddenPins</footprint>
      <datasheet>https://docs.rs-online.com/91cb/0900766b81490d99.pdf</datasheet>
      <libsource lib="000_Modules_Immo" part="Infineon Motor Shield MOD" description="Infineon Motor Driver Shield for Arduino Uno"/>
      <property name="Sheetname" value=""/>
      <property name="Sheetfile" value="Driver PCB.kicad_sch"/>
      <sheetpath names="/" tstamps="/"/>
      <tstamps>a28ab117-e17e-4098-86ae-d86551c01340</tstamps>
    </comp>
    <comp ref="C1">
      <value>460u</value>
      <footprint>Capacitor_SMD:C_0805_2012Metric_Pad1.18x1.45mm_HandSolder</footprint>
      <libsource lib="Device" part="C_Polarized" description="Polarized capacitor"/>
      <property name="Sheetname" value=""/>
      <property name="Sheetfile" value="Driver PCB.kicad_sch"/>
      <sheetpath names="/" tstamps="/"/>
      <tstamps>6e693a78-a1bf-4a7f-8c1f-510085fc4108</tstamps>
    </comp>
    <comp ref="C2">
      <value>10u</value>
      <footprint>Capacitor_SMD:C_0805_2012Metric_Pad1.18x1.45mm_HandSolder</footprint>
      <libsource lib="Device" part="C_Polarized" description="Polarized capacitor"/>
      <property name="Sheetname" value=""/>
      <property name="Sheetfile" value="Driver PCB.kicad_sch"/>
      <sheetpath names="/" tstamps="/"/>
      <tstamps>3c70c001-d248-412e-93f6-0eb0062cefbc</tstamps>
    </comp>
    <comp ref="C3">
      <value>0.1u</value>
      <footprint>Capacitor_SMD:C_0805_2012Metric_Pad1.18x1.45mm_HandSolder</footprint>
      <libsource lib="Device" part="C" description="Unpolarized capacitor"/>
      <property name="Sheetname" value=""/>
      <property name="Sheetfile" value="Driver PCB.kicad_sch"/>
      <sheetpath names="/" tstamps="/"/>
      <tstamps>85f35f61-4dfb-4f91-a35e-e378a90c4aa8</tstamps>
    </comp>
    <comp ref="J5">
      <value>DRIVE_GND</value>
      <footprint>Connector_Pin:Pin_D1.3mm_L11.0mm</footprint>
      <libsource lib="Connector_Generic" part="Conn_01x01" description="Generic connector, single row, 01x01, script generated (kicad-library-utils/schlib/autogen/connector/)"/>
      <property name="Sheetname" value=""/>
      <property name="Sheetfile" value="Driver PCB.kicad_sch"/>
      <sheetpath names="/" tstamps="/"/>
      <tstamps>2c010f87-0b48-4671-9fe0-765a8d660baf</tstamps>
    </comp>
    <comp ref="J7">
      <value>DRIVE_5V_IN</value>
      <footprint>Connector_Pin:Pin_D1.3mm_L11.0mm</footprint>
      <libsource lib="Connector_Generic" part="Conn_01x01" description="Generic connector, single row, 01x01, script generated (kicad-library-utils/schlib/autogen/connector/)"/>
      <property name="Sheetname" value=""/>
      <property name="Sheetfile" value="Driver PCB.kicad_sch"/>
      <sheetpath names="/" tstamps="/"/>
      <tstamps>372356b4-90f1-46b1-b061-e1e3181bc9a9</tstamps>
    </comp>
    <comp ref="C4">
      <value>100nF</value>
      <footprint>Capacitor_SMD:C_0805_2012Metric_Pad1.18x1.45mm_HandSolder</footprint>
      <libsource lib="Device" part="C" description="Unpolarized capacitor"/>
      <property name="Sheetname" value="LED_Circit"/>
      <property name="Sheetfile" value="LED_Circuit.kicad_sch"/>
      <sheetpath names="/LED_Circit/" tstamps="/1a3370a0-6778-4601-bc8e-4c18ed659ac3/"/>
      <tstamps>62ee3eb7-1f5e-4974-9ddd-b121af164c7f</tstamps>
    </comp>
    <comp ref="C5">
      <value>100nF</value>
      <footprint>Capacitor_SMD:C_0805_2012Metric_Pad1.18x1.45mm_HandSolder</footprint>
      <libsource lib="Device" part="C" description="Unpolarized capacitor"/>
      <property name="Sheetname" value="LED_Circit"/>
      <property name="Sheetfile" value="LED_Circuit.kicad_sch"/>
      <sheetpath names="/LED_Circit/" tstamps="/1a3370a0-6778-4601-bc8e-4c18ed659ac3/"/>
      <tstamps>706e6764-9a71-4c56-b050-5bfa1f43822f</tstamps>
    </comp>
    <comp ref="C6">
      <value>100nF</value>
      <footprint>Capacitor_SMD:C_0805_2012Metric_Pad1.18x1.45mm_HandSolder</footprint>
      <libsource lib="Device" part="C" description="Unpolarized capacitor"/>
      <property name="Sheetname" value="LED_Circit"/>
      <property name="Sheetfile" value="LED_Circuit.kicad_sch"/>
      <sheetpath names="/LED_Circit/" tstamps="/1a3370a0-6778-4601-bc8e-4c18ed659ac3/"/>
      <tstamps>3cef9ab2-4f1f-49e5-97ee-4926f1505409</tstamps>
    </comp>
    <comp ref="C7">
      <value>100nF</value>
      <footprint>Capacitor_SMD:C_0805_2012Metric_Pad1.18x1.45mm_HandSolder</footprint>
      <libsource lib="Device" part="C" description="Unpolarized capacitor"/>
      <property name="Sheetname" value="LED_Circit"/>
      <property name="Sheetfile" value="LED_Circuit.kicad_sch"/>
      <sheetpath names="/LED_Circit/" tstamps="/1a3370a0-6778-4601-bc8e-4c18ed659ac3/"/>
      <tstamps>0947bc11-f444-4310-97c9-8a75f46fffba</tstamps>
    </comp>
    <comp ref="D1">
      <value>LED</value>
      <footprint>LED_SMD:LED_0805_2012Metric_Pad1.15x1.40mm_HandSolder</footprint>
      <libsource lib="Device" part="LED" description="Light emitting diode"/>
      <property name="Sheetname" value="LED_Circit"/>
      <property name="Sheetfile" value="LED_Circuit.kicad_sch"/>
      <sheetpath names="/LED_Circit/" tstamps="/1a3370a0-6778-4601-bc8e-4c18ed659ac3/"/>
      <tstamps>90554270-e835-46bf-8bb7-64ab2c34bc4f</tstamps>
    </comp>
    <comp ref="D2">
      <value>LED</value>
      <footprint>LED_SMD:LED_0805_2012Metric_Pad1.15x1.40mm_HandSolder</footprint>
      <libsource lib="Device" part="LED" description="Light emitting diode"/>
      <property name="Sheetname" value="LED_Circit"/>
      <property name="Sheetfile" value="LED_Circuit.kicad_sch"/>
      <sheetpath names="/LED_Circit/" tstamps="/1a3370a0-6778-4601-bc8e-4c18ed659ac3/"/>
      <tstamps>9cf47f01-23f0-4a7d-a3b4-e41f80e94c47</tstamps>
    </comp>
    <comp ref="D3">
      <value>LED</value>
      <footprint>LED_SMD:LED_0805_2012Metric_Pad1.15x1.40mm_HandSolder</footprint>
      <libsource lib="Device" part="LED" description="Light emitting diode"/>
      <property name="Sheetname" value="LED_Circit"/>
      <property name="Sheetfile" value="LED_Circuit.kicad_sch"/>
      <sheetpath names="/LED_Circit/" tstamps="/1a3370a0-6778-4601-bc8e-4c18ed659ac3/"/>
      <tstamps>5940cbfd-51a3-43af-9e35-f26647699cbf</tstamps>
    </comp>
    <comp ref="IC1">
      <value>AND GATES</value>
      <footprint>ICPINS:SOIC127P600X175-14N</footprint>
      <datasheet>http://www.ti.com/lit/gpn/cd74hc08-ep</datasheet>
      <fields>
        <field name="Arrow Part Number">CD74HC08QM96EP</field>
        <field name="Arrow Price/Stock">https://www.arrow.com/en/products/cd74hc08qm96ep/texas-instruments?region=nac</field>
        <field name="Description">Enhanced Product Quadruple 2-Input Positive-And Gates</field>
        <field name="Height">1.75</field>
        <field name="Manufacturer_Name">Texas Instruments</field>
        <field name="Manufacturer_Part_Number">CD74HC08QM96EP</field>
        <field name="Mouser Part Number">595-CD74HC08QM96EP</field>
        <field name="Mouser Price/Stock">https://www.mouser.co.uk/ProductDetail/Texas-Instruments/CD74HC08QM96EP?qs=HTr%252BoA4jRimGfHL8uqrZHA%3D%3D</field>
      </fields>
      <libsource lib="CD74HC08QM96EP" part="CD74HC08QM96EP" description="Enhanced Product Quadruple 2-Input Positive-And Gates"/>
      <property name="Description" value="Enhanced Product Quadruple 2-Input Positive-And Gates"/>
      <property name="Height" value="1.75"/>
      <property name="Manufacturer_Name" value="Texas Instruments"/>
      <property name="Manufacturer_Part_Number" value="CD74HC08QM96EP"/>
      <property name="Mouser Part Number" value="595-CD74HC08QM96EP"/>
      <property name="Mouser Price/Stock" value="https://www.mouser.co.uk/ProductDetail/Texas-Instruments/CD74HC08QM96EP?qs=HTr%252BoA4jRimGfHL8uqrZHA%3D%3D"/>
      <property name="Arrow Part Number" value="CD74HC08QM96EP"/>
      <property name="Arrow Price/Stock" value="https://www.arrow.com/en/products/cd74hc08qm96ep/texas-instruments?region=nac"/>
      <property name="Sheetname" value="LED_Circit"/>
      <property name="Sheetfile" value="LED_Circuit.kicad_sch"/>
      <sheetpath names="/LED_Circit/" tstamps="/1a3370a0-6778-4601-bc8e-4c18ed659ac3/"/>
      <tstamps>4f094bd5-0d7e-4a76-972d-c97f979c5e8e</tstamps>
    </comp>
    <comp ref="IC2">
      <value>NAND (Used as AND)</value>
      <footprint>ICPINS:SOIC127P600X175-14N</footprint>
      <datasheet>http://www.onsemi.com/pub/Collateral/MC74AC00-D.PDF</datasheet>
      <fields>
        <field name="Description">ON SEMICONDUCTOR - MC74ACT00DG - IC, QUAD NAND GATE, 2I/P, SOIC-14</field>
        <field name="Height">1.75</field>
        <field name="Manufacturer_Name">onsemi</field>
        <field name="Manufacturer_Part_Number">MC74ACT00DG</field>
        <field name="Mouser Part Number">863-MC74ACT00DG</field>
        <field name="Mouser Price/Stock">https://www.mouser.com/Search/Refine.aspx?Keyword=863-MC74ACT00DG</field>
      </fields>
      <libsource lib="MC74ACT00DG" part="MC74ACT00DG" description="ON SEMICONDUCTOR - MC74ACT00DG - IC, QUAD NAND GATE, 2I/P, SOIC-14"/>
      <property name="Description" value="ON SEMICONDUCTOR - MC74ACT00DG - IC, QUAD NAND GATE, 2I/P, SOIC-14"/>
      <property name="Height" value="1.75"/>
      <property name="Manufacturer_Name" value="onsemi"/>
      <property name="Manufacturer_Part_Number" value="MC74ACT00DG"/>
      <property name="Mouser Part Number" value="863-MC74ACT00DG"/>
      <property name="Mouser Price/Stock" value="https://www.mouser.com/Search/Refine.aspx?Keyword=863-MC74ACT00DG"/>
      <property name="Arrow Part Number" value=""/>
      <property name="Arrow Price/Stock" value=""/>
      <property name="Sheetname" value="LED_Circit"/>
      <property name="Sheetfile" value="LED_Circuit.kicad_sch"/>
      <sheetpath names="/LED_Circit/" tstamps="/1a3370a0-6778-4601-bc8e-4c18ed659ac3/"/>
      <tstamps>318c0d36-af31-492b-b21c-d3faeb1e6c6f</tstamps>
    </comp>
    <comp ref="IC3">
      <value>NAND (Used as Inverter)</value>
      <footprint>ICPINS:SOIC127P600X175-14N</footprint>
      <datasheet>http://www.onsemi.com/pub/Collateral/MC74AC00-D.PDF</datasheet>
      <fields>
        <field name="Description">ON SEMICONDUCTOR - MC74ACT00DG - IC, QUAD NAND GATE, 2I/P, SOIC-14</field>
        <field name="Height">1.75</field>
        <field name="Manufacturer_Name">onsemi</field>
        <field name="Manufacturer_Part_Number">MC74ACT00DG</field>
        <field name="Mouser Part Number">863-MC74ACT00DG</field>
        <field name="Mouser Price/Stock">https://www.mouser.com/Search/Refine.aspx?Keyword=863-MC74ACT00DG</field>
      </fields>
      <libsource lib="MC74ACT00DG" part="MC74ACT00DG" description="ON SEMICONDUCTOR - MC74ACT00DG - IC, QUAD NAND GATE, 2I/P, SOIC-14"/>
      <property name="Description" value="ON SEMICONDUCTOR - MC74ACT00DG - IC, QUAD NAND GATE, 2I/P, SOIC-14"/>
      <property name="Height" value="1.75"/>
      <property name="Manufacturer_Name" value="onsemi"/>
      <property name="Manufacturer_Part_Number" value="MC74ACT00DG"/>
      <property name="Mouser Part Number" value="863-MC74ACT00DG"/>
      <property name="Mouser Price/Stock" value="https://www.mouser.com/Search/Refine.aspx?Keyword=863-MC74ACT00DG"/>
      <property name="Arrow Part Number" value=""/>
      <property name="Arrow Price/Stock" value=""/>
      <property name="Sheetname" value="LED_Circit"/>
      <property name="Sheetfile" value="LED_Circuit.kicad_sch"/>
      <sheetpath names="/LED_Circit/" tstamps="/1a3370a0-6778-4601-bc8e-4c18ed659ac3/"/>
      <tstamps>b53ac062-6c3a-4c36-a74e-fb4c425c5ac9</tstamps>
    </comp>
    <comp ref="IC4">
      <value>OR </value>
      <footprint>ICPINS:SOIC127P600X175-14N</footprint>
      <datasheet>http://www.onsemi.com/pub/Collateral/MC74AC00-D.PDF</datasheet>
      <fields>
        <field name="Description">ON SEMICONDUCTOR - MC74ACT00DG - IC, QUAD NAND GATE, 2I/P, SOIC-14</field>
        <field name="Height">1.75</field>
        <field name="Manufacturer_Name">onsemi</field>
        <field name="Manufacturer_Part_Number">MC74ACT00DG</field>
        <field name="Mouser Part Number">863-MC74ACT00DG</field>
        <field name="Mouser Price/Stock">https://www.mouser.com/Search/Refine.aspx?Keyword=863-MC74ACT00DG</field>
      </fields>
      <libsource lib="MC74ACT00DG" part="MC74ACT00DG" description="ON SEMICONDUCTOR - MC74ACT00DG - IC, QUAD NAND GATE, 2I/P, SOIC-14"/>
      <property name="Description" value="ON SEMICONDUCTOR - MC74ACT00DG - IC, QUAD NAND GATE, 2I/P, SOIC-14"/>
      <property name="Height" value="1.75"/>
      <property name="Manufacturer_Name" value="onsemi"/>
      <property name="Manufacturer_Part_Number" value="MC74ACT00DG"/>
      <property name="Mouser Part Number" value="863-MC74ACT00DG"/>
      <property name="Mouser Price/Stock" value="https://www.mouser.com/Search/Refine.aspx?Keyword=863-MC74ACT00DG"/>
      <property name="Arrow Part Number" value=""/>
      <property name="Arrow Price/Stock" value=""/>
      <property name="Sheetname" value="LED_Circit"/>
      <property name="Sheetfile" value="LED_Circuit.kicad_sch"/>
      <sheetpath names="/LED_Circit/" tstamps="/1a3370a0-6778-4601-bc8e-4c18ed659ac3/"/>
      <tstamps>0da0be9a-12d0-4324-8a15-965af8d278d5</tstamps>
    </comp>
    <comp ref="J4">
      <value>Conn_01x04</value>
      <footprint>TerminalBlock_TE-Connectivity:TerminalBlock_TE_282834-4_1x04_P2.54mm_Horizontal</footprint>
      <libsource lib="Connector_Generic" part="Conn_01x04" description="Generic connector, single row, 01x04, script generated (kicad-library-utils/schlib/autogen/connector/)"/>
      <property name="Sheetname" value="LED_Circit"/>
      <property name="Sheetfile" value="LED_Circuit.kicad_sch"/>
      <sheetpath names="/LED_Circit/" tstamps="/1a3370a0-6778-4601-bc8e-4c18ed659ac3/"/>
      <tstamps>0ee76692-a45a-44be-9ff7-2a50cdb3a92f</tstamps>
    </comp>
    <comp ref="R1">
      <value>120</value>
      <footprint>Resistor_SMD:R_0805_2012Metric_Pad1.20x1.40mm_HandSolder</footprint>
      <libsource lib="Device" part="R" description="Resistor"/>
      <property name="Sheetname" value="LED_Circit"/>
      <property name="Sheetfile" value="LED_Circuit.kicad_sch"/>
      <sheetpath names="/LED_Circit/" tstamps="/1a3370a0-6778-4601-bc8e-4c18ed659ac3/"/>
      <tstamps>d22b68a8-ec94-4aa7-b25a-3b1b7dfb42f6</tstamps>
    </comp>
    <comp ref="R2">
      <value>120</value>
      <footprint>Resistor_SMD:R_0805_2012Metric_Pad1.20x1.40mm_HandSolder</footprint>
      <libsource lib="Device" part="R" description="Resistor"/>
      <property name="Sheetname" value="LED_Circit"/>
      <property name="Sheetfile" value="LED_Circuit.kicad_sch"/>
      <sheetpath names="/LED_Circit/" tstamps="/1a3370a0-6778-4601-bc8e-4c18ed659ac3/"/>
      <tstamps>cdb8a968-86d2-4fc2-a657-5442e404a740</tstamps>
    </comp>
    <comp ref="R3">
      <value>120</value>
      <footprint>Resistor_SMD:R_0805_2012Metric_Pad1.20x1.40mm_HandSolder</footprint>
      <libsource lib="Device" part="R" description="Resistor"/>
      <property name="Sheetname" value="LED_Circit"/>
      <property name="Sheetfile" value="LED_Circuit.kicad_sch"/>
      <sheetpath names="/LED_Circit/" tstamps="/1a3370a0-6778-4601-bc8e-4c18ed659ac3/"/>
      <tstamps>37d173f3-fab8-4c76-886e-b0f22883a10d</tstamps>
    </comp>
    <comp ref="C8">
      <value>100nF</value>
      <footprint>Capacitor_SMD:C_0805_2012Metric_Pad1.18x1.45mm_HandSolder</footprint>
      <libsource lib="Device" part="C" description="Unpolarized capacitor"/>
      <property name="Sheetname" value="Microcontroller Circuit"/>
      <property name="Sheetfile" value="Microcontroller_Circuit_sch.kicad_sch"/>
      <sheetpath names="/Microcontroller Circuit/" tstamps="/5eb8c919-129e-40b1-9073-45f4fce50973/"/>
      <tstamps>65c01512-bcb3-4eb5-947b-bffb30b4703e</tstamps>
    </comp>
    <comp ref="J1">
      <value>AVR-ISP-6</value>
      <footprint>Connector_PinHeader_2.00mm:PinHeader_2x03_P2.00mm_Vertical</footprint>
      <datasheet> ~</datasheet>
      <libsource lib="Connector" part="AVR-ISP-6" description="Atmel 6-pin ISP connector"/>
      <property name="Sheetname" value="Microcontroller Circuit"/>
      <property name="Sheetfile" value="Microcontroller_Circuit_sch.kicad_sch"/>
      <sheetpath names="/Microcontroller Circuit/" tstamps="/5eb8c919-129e-40b1-9073-45f4fce50973/"/>
      <tstamps>8738cd02-72f3-4d33-ae3f-e323b397db4f</tstamps>
    </comp>
    <comp ref="R6">
      <value>100k</value>
      <footprint>Resistor_SMD:R_0805_2012Metric_Pad1.20x1.40mm_HandSolder</footprint>
      <libsource lib="Device" part="R" description="Resistor"/>
      <property name="Sheetname" value="Microcontroller Circuit"/>
      <property name="Sheetfile" value="Microcontroller_Circuit_sch.kicad_sch"/>
      <sheetpath names="/Microcontroller Circuit/" tstamps="/5eb8c919-129e-40b1-9073-45f4fce50973/"/>
      <tstamps>8f0e109a-4d33-4466-844c-567c010d5a12</tstamps>
    </comp>
    <comp ref="SW1">
      <value>SW_Push</value>
      <footprint>Button_Switch_SMD:13019319</footprint>
      <libsource lib="Eralp's Library" part="SW_Push" description="Push button switch, generic, two pins"/>
      <property name="Sheetname" value="Microcontroller Circuit"/>
      <property name="Sheetfile" value="Microcontroller_Circuit_sch.kicad_sch"/>
      <sheetpath names="/Microcontroller Circuit/" tstamps="/5eb8c919-129e-40b1-9073-45f4fce50973/"/>
      <tstamps>ef9cdaa8-08f7-4202-9b60-a32cfd974f24</tstamps>
    </comp>
    <comp ref="U10">
      <value>ATtiny85-20S</value>
      <footprint>Package_SO:SOIC-8W_5.3x5.3mm_P1.27mm</footprint>
      <datasheet>http://ww1.microchip.com/downloads/en/DeviceDoc/atmel-2586-avr-8-bit-microcontroller-attiny25-attiny45-attiny85_datasheet.pdf</datasheet>
      <libsource lib="MCU_Microchip_ATtiny" part="ATtiny85-20S" description="20MHz, 8kB Flash, 512B SRAM, 512B EEPROM, debugWIRE, SOIC-8W"/>
      <property name="Sheetname" value="Microcontroller Circuit"/>
      <property name="Sheetfile" value="Microcontroller_Circuit_sch.kicad_sch"/>
      <sheetpath names="/Microcontroller Circuit/" tstamps="/5eb8c919-129e-40b1-9073-45f4fce50973/"/>
      <tstamps>12299576-4716-4785-adfc-9566d09f521e</tstamps>
    </comp>
    <comp ref="C9">
      <value>0.1uF</value>
      <footprint>Capacitor_SMD:C_0805_2012Metric_Pad1.18x1.45mm_HandSolder</footprint>
      <libsource lib="Device" part="C" description="Unpolarized capacitor"/>
      <property name="Sheetname" value="Drive Circuit"/>
      <property name="Sheetfile" value="Drive_Circuit.kicad_sch"/>
      <sheetpath names="/Drive Circuit/" tstamps="/5211c356-7b0e-4baf-ab64-1fbe491c28e7/"/>
      <tstamps>eba99c86-0f42-4e9c-b24d-6187bb60bba7</tstamps>
    </comp>
    <comp ref="D4">
      <value>1N4002</value>
      <footprint>Diode_SMD:D_0603_1608Metric_Pad1.05x0.95mm_HandSolder</footprint>
      <fields>
        <field name="Spice_Netlist_Enabled">Y</field>
        <field name="Spice_Primitive">D</field>
      </fields>
      <libsource lib="Simulation_SPICE" part="DIODE" description="Diode, anode on pin 1, for simulation only!"/>
      <property name="Spice_Netlist_Enabled" value="Y"/>
      <property name="Spice_Primitive" value="D"/>
      <property name="Sheetname" value="Drive Circuit"/>
      <property name="Sheetfile" value="Drive_Circuit.kicad_sch"/>
      <sheetpath names="/Drive Circuit/" tstamps="/5211c356-7b0e-4baf-ab64-1fbe491c28e7/"/>
      <tstamps>9082f915-40a5-41dc-9db5-42ab55bef03a</tstamps>
    </comp>
    <comp ref="IC5">
      <value>MAX9928FAUA+</value>
      <footprint>Sensor_Current:SOP65P490X110-8N</footprint>
      <datasheet>https://datasheet.datasheetarchive.com/originals/dk/DKDS-7/138374.pdf</datasheet>
      <fields>
        <field name="Description">Maxim MAX9928FAUA+, Current Sensing Amplifier Single Bidirectional, Unidirectional 8-Pin uMAX</field>
        <field name="Height">1.1</field>
        <field name="Manufacturer_Name">Maxim Integrated</field>
        <field name="Manufacturer_Part_Number">MAX9928FAUA+</field>
        <field name="Mouser Part Number">700-MAX9928FAUA</field>
        <field name="Mouser Price/Stock">https://www.mouser.co.uk/ProductDetail/Maxim-Integrated/MAX9928FAUA%2b?qs=1eQvB6Dk1vjuLd8AJ8%252BsIw%3D%3D</field>
      </fields>
      <libsource lib="MAX9928FAUA+" part="MAX9928FAUA+" description="Maxim MAX9928FAUA+, Current Sensing Amplifier Single Bidirectional, Unidirectional 8-Pin uMAX"/>
      <property name="Description" value="Maxim MAX9928FAUA+, Current Sensing Amplifier Single Bidirectional, Unidirectional 8-Pin uMAX"/>
      <property name="Height" value="1.1"/>
      <property name="Manufacturer_Name" value="Maxim Integrated"/>
      <property name="Manufacturer_Part_Number" value="MAX9928FAUA+"/>
      <property name="Mouser Part Number" value="700-MAX9928FAUA"/>
      <property name="Mouser Price/Stock" value="https://www.mouser.co.uk/ProductDetail/Maxim-Integrated/MAX9928FAUA%2b?qs=1eQvB6Dk1vjuLd8AJ8%252BsIw%3D%3D"/>
      <property name="Arrow Part Number" value=""/>
      <property name="Arrow Price/Stock" value=""/>
      <property name="Sheetname" value="Drive Circuit"/>
      <property name="Sheetfile" value="Drive_Circuit.kicad_sch"/>
      <sheetpath names="/Drive Circuit/" tstamps="/5211c356-7b0e-4baf-ab64-1fbe491c28e7/"/>
      <tstamps>c65397d5-fe0d-4db4-8d2f-8d7d98b06e98</tstamps>
    </comp>
    <comp ref="J2">
      <value>Coil</value>
      <footprint>TerminalBlock_TE-Connectivity:TerminalBlock_TE_282834-2_1x02_P2.54mm_Horizontal</footprint>
      <libsource lib="Connector" part="Conn_01x02_Female" description="Generic connector, single row, 01x02, script generated (kicad-library-utils/schlib/autogen/connector/)"/>
      <property name="Sheetname" value="Drive Circuit"/>
      <property name="Sheetfile" value="Drive_Circuit.kicad_sch"/>
      <sheetpath names="/Drive Circuit/" tstamps="/5211c356-7b0e-4baf-ab64-1fbe491c28e7/"/>
      <tstamps>8eb5a7a9-79f9-4e27-80aa-d0ad528754a4</tstamps>
    </comp>
    <comp ref="JP1">
      <value>Shunt Bypass</value>
      <footprint>Jumper:SolderJumper-2_P1.3mm_Open_Pad1.0x1.5mm</footprint>
      <libsource lib="Jumper" part="SolderJumper_2_Open" description="Solder Jumper, 2-pole, open"/>
      <property name="Sheetname" value="Drive Circuit"/>
      <property name="Sheetfile" value="Drive_Circuit.kicad_sch"/>
      <sheetpath names="/Drive Circuit/" tstamps="/5211c356-7b0e-4baf-ab64-1fbe491c28e7/"/>
      <tstamps>85bf9b10-64ed-464e-9eb3-f813cb04ac87</tstamps>
    </comp>
    <comp ref="Q1">
      <value>BC557</value>
      <footprint>Package_TO_SOT_SMD:SOT-523</footprint>
      <datasheet>https://www.onsemi.com/pub/Collateral/BC556BTA-D.pdf</datasheet>
      <libsource lib="Transistor_BJT" part="BC557" description="0.1A Ic, 45V Vce, PNP Small Signal Transistor, TO-92"/>
      <property name="Sheetname" value="Drive Circuit"/>
      <property name="Sheetfile" value="Drive_Circuit.kicad_sch"/>
      <sheetpath names="/Drive Circuit/" tstamps="/5211c356-7b0e-4baf-ab64-1fbe491c28e7/"/>
      <tstamps>c8e8f1cb-49bb-4b5b-b880-c4245dd4e304</tstamps>
    </comp>
    <comp ref="Q2">
      <value>BC547</value>
      <footprint>Package_TO_SOT_SMD:SOT-523</footprint>
      <datasheet>https://www.onsemi.com/pub/Collateral/BC550-D.pdf</datasheet>
      <libsource lib="Transistor_BJT" part="BC547" description="0.1A Ic, 45V Vce, Small Signal NPN Transistor, TO-92"/>
      <property name="Sheetname" value="Drive Circuit"/>
      <property name="Sheetfile" value="Drive_Circuit.kicad_sch"/>
      <sheetpath names="/Drive Circuit/" tstamps="/5211c356-7b0e-4baf-ab64-1fbe491c28e7/"/>
      <tstamps>f33f544b-ed7d-43c2-8a83-236ebf6a8903</tstamps>
    </comp>
    <comp ref="R4">
      <value>2k2</value>
      <footprint>Resistor_SMD:R_0805_2012Metric_Pad1.20x1.40mm_HandSolder</footprint>
      <libsource lib="Device" part="R" description="Resistor"/>
      <property name="Sheetname" value="Drive Circuit"/>
      <property name="Sheetfile" value="Drive_Circuit.kicad_sch"/>
      <sheetpath names="/Drive Circuit/" tstamps="/5211c356-7b0e-4baf-ab64-1fbe491c28e7/"/>
      <tstamps>ae157d44-b078-436f-9b6f-59513aed3d48</tstamps>
    </comp>
    <comp ref="R5">
      <value>2k2</value>
      <footprint>Resistor_SMD:R_0805_2012Metric_Pad1.20x1.40mm_HandSolder</footprint>
      <libsource lib="Device" part="R" description="Resistor"/>
      <property name="Sheetname" value="Drive Circuit"/>
      <property name="Sheetfile" value="Drive_Circuit.kicad_sch"/>
      <sheetpath names="/Drive Circuit/" tstamps="/5211c356-7b0e-4baf-ab64-1fbe491c28e7/"/>
      <tstamps>2335be15-4db8-45a4-b65b-9007f764a1f1</tstamps>
    </comp>
    <comp ref="R7">
      <value>10R</value>
      <footprint>Resistor_SMD:R_0805_2012Metric_Pad1.20x1.40mm_HandSolder</footprint>
      <libsource lib="Device" part="R" description="Resistor"/>
      <property name="Sheetname" value="Drive Circuit"/>
      <property name="Sheetfile" value="Drive_Circuit.kicad_sch"/>
      <sheetpath names="/Drive Circuit/" tstamps="/5211c356-7b0e-4baf-ab64-1fbe491c28e7/"/>
      <tstamps>615ce30a-8bf8-4083-a586-1f8f49687081</tstamps>
    </comp>
  </components>
  <libparts>
    <libpart lib="000_Modules_Immo" part="Infineon Motor Shield MOD">
      <description>Infineon Motor Driver Shield for Arduino Uno</description>
      <docs>https://docs.rs-online.com/91cb/0900766b81490d99.pdf</docs>
      <footprints>
        <fp>Arduino*UNO*R3*</fp>
      </footprints>
      <fields>
        <field name="Reference">A</field>
        <field name="Value">Infineon Motor Shield MOD</field>
        <field name="Footprint">Module:Infineon Motor Sheild hiddenPins</field>
        <field name="Datasheet">https://docs.rs-online.com/91cb/0900766b81490d99.pdf</field>
      </fields>
      <pins>
        <pin num="1" name="NC" type="no_connect"/>
        <pin num="2" name="IOREF" type="no_connect"/>
        <pin num="3" name="~{RESET}" type="no_connect"/>
        <pin num="4" name="3V3" type="no_connect"/>
        <pin num="5" name="5V" type="input"/>
        <pin num="6" name="GND" type="power_in"/>
        <pin num="7" name="GND" type="power_in"/>
        <pin num="8" name="Vin" type="input"/>
        <pin num="9" name="IS_1" type="input"/>
        <pin num="10" name="IS_2" type="input"/>
        <pin num="11" name="A2" type="no_connect"/>
        <pin num="12" name="A3" type="no_connect"/>
        <pin num="13" name="A4" type="no_connect"/>
        <pin num="14" name="A5" type="no_connect"/>
        <pin num="15" name="D0/RX" type="bidirectional"/>
        <pin num="16" name="D1/TX" type="bidirectional"/>
        <pin num="17" name="D2" type="bidirectional"/>
        <pin num="18" name="IN_1" type="bidirectional"/>
        <pin num="19" name="D4" type="bidirectional"/>
        <pin num="20" name="D5" type="bidirectional"/>
        <pin num="21" name="D6" type="bidirectional"/>
        <pin num="22" name="D7" type="bidirectional"/>
        <pin num="23" name="D8" type="bidirectional"/>
        <pin num="24" name="D9" type="bidirectional"/>
        <pin num="25" name="D10" type="bidirectional"/>
        <pin num="26" name="IN_2" type="input"/>
        <pin num="27" name="INH_1" type="input"/>
        <pin num="28" name="INH_2" type="input"/>
        <pin num="29" name="GND" type="power_in"/>
        <pin num="30" name="AREF" type="no_connect"/>
        <pin num="31" name="SDA/A4" type="no_connect"/>
        <pin num="32" name="SCL/A5" type="no_connect"/>
        <pin num="33" name="PWRGND" type="power_in"/>
        <pin num="34" name="VBAT" type="power_in"/>
        <pin num="35" name="OUT2" type="output"/>
        <pin num="36" name="M_GND" type="power_in"/>
        <pin num="37" name="OUT1" type="output"/>
      </pins>
    </libpart>
    <libpart lib="CD74HC08QM96EP" part="CD74HC08QM96EP">
      <description>Enhanced Product Quadruple 2-Input Positive-And Gates</description>
      <docs>http://www.ti.com/lit/gpn/cd74hc08-ep</docs>
      <fields>
        <field name="Reference">IC</field>
        <field name="Value">CD74HC08QM96EP</field>
        <field name="Footprint">SOIC127P600X175-14N</field>
        <field name="Datasheet">http://www.ti.com/lit/gpn/cd74hc08-ep</field>
        <field name="Description">Enhanced Product Quadruple 2-Input Positive-And Gates</field>
        <field name="Height">1.75</field>
        <field name="Manufacturer_Name">Texas Instruments</field>
        <field name="Manufacturer_Part_Number">CD74HC08QM96EP</field>
        <field name="Mouser Part Number">595-CD74HC08QM96EP</field>
        <field name="Mouser Price/Stock">https://www.mouser.co.uk/ProductDetail/Texas-Instruments/CD74HC08QM96EP?qs=HTr%252BoA4jRimGfHL8uqrZHA%3D%3D</field>
        <field name="Arrow Part Number">CD74HC08QM96EP</field>
        <field name="Arrow Price/Stock">https://www.arrow.com/en/products/cd74hc08qm96ep/texas-instruments?region=nac</field>
      </fields>
      <pins>
        <pin num="1" name="1A" type="passive"/>
        <pin num="2" name="1B" type="passive"/>
        <pin num="3" name="1Y" type="passive"/>
        <pin num="4" name="2A" type="passive"/>
        <pin num="5" name="2B" type="passive"/>
        <pin num="6" name="2Y" type="passive"/>
        <pin num="7" name="GND" type="passive"/>
        <pin num="8" name="3Y" type="passive"/>
        <pin num="9" name="3A" type="passive"/>
        <pin num="10" name="3B" type="passive"/>
        <pin num="11" name="4Y" type="passive"/>
        <pin num="12" name="4A" type="passive"/>
        <pin num="13" name="4B" type="passive"/>
        <pin num="14" name="VCC" type="passive"/>
      </pins>
    </libpart>
    <libpart lib="Connector" part="AVR-ISP-6">
      <description>Atmel 6-pin ISP connector</description>
      <docs> ~</docs>
      <footprints>
        <fp>IDC?Header*2x03*</fp>
        <fp>Pin?Header*2x03*</fp>
      </footprints>
      <fields>
        <field name="Reference">J</field>
        <field name="Value">AVR-ISP-6</field>
        <field name="Datasheet"> ~</field>
      </fields>
      <pins>
        <pin num="1" name="MISO" type="passive"/>
        <pin num="2" name="VCC" type="passive"/>
        <pin num="3" name="SCK" type="passive"/>
        <pin num="4" name="MOSI" type="passive"/>
        <pin num="5" name="~{RST}" type="passive"/>
        <pin num="6" name="GND" type="passive"/>
      </pins>
    </libpart>
    <libpart lib="Connector" part="Conn_01x02_Female">
      <description>Generic connector, single row, 01x02, script generated (kicad-library-utils/schlib/autogen/connector/)</description>
      <docs>~</docs>
      <footprints>
        <fp>Connector*:*_1x??_*</fp>
      </footprints>
      <fields>
        <field name="Reference">J</field>
        <field name="Value">Conn_01x02_Female</field>
        <field name="Datasheet">~</field>
      </fields>
      <pins>
        <pin num="1" name="Pin_1" type="passive"/>
        <pin num="2" name="Pin_2" type="passive"/>
      </pins>
    </libpart>
    <libpart lib="Connector_Generic" part="Conn_01x01">
      <description>Generic connector, single row, 01x01, script generated (kicad-library-utils/schlib/autogen/connector/)</description>
      <docs>~</docs>
      <footprints>
        <fp>Connector*:*_1x??_*</fp>
      </footprints>
      <fields>
        <field name="Reference">J</field>
        <field name="Value">Conn_01x01</field>
        <field name="Datasheet">~</field>
      </fields>
      <pins>
        <pin num="1" name="Pin_1" type="passive"/>
      </pins>
    </libpart>
    <libpart lib="Connector_Generic" part="Conn_01x04">
      <description>Generic connector, single row, 01x04, script generated (kicad-library-utils/schlib/autogen/connector/)</description>
      <docs>~</docs>
      <footprints>
        <fp>Connector*:*_1x??_*</fp>
      </footprints>
      <fields>
        <field name="Reference">J</field>
        <field name="Value">Conn_01x04</field>
        <field name="Datasheet">~</field>
      </fields>
      <pins>
        <pin num="1" name="Pin_1" type="passive"/>
        <pin num="2" name="Pin_2" type="passive"/>
        <pin num="3" name="Pin_3" type="passive"/>
        <pin num="4" name="Pin_4" type="passive"/>
      </pins>
    </libpart>
    <libpart lib="Device" part="C">
      <description>Unpolarized capacitor</description>
      <docs>~</docs>
      <footprints>
        <fp>C_*</fp>
      </footprints>
      <fields>
        <field name="Reference">C</field>
        <field name="Value">C</field>
        <field name="Datasheet">~</field>
      </fields>
      <pins>
        <pin num="1" name="" type="passive"/>
        <pin num="2" name="" type="passive"/>
      </pins>
    </libpart>
    <libpart lib="Device" part="C_Polarized">
      <description>Polarized capacitor</description>
      <docs>~</docs>
      <footprints>
        <fp>CP_*</fp>
      </footprints>
      <fields>
        <field name="Reference">C</field>
        <field name="Value">C_Polarized</field>
        <field name="Datasheet">~</field>
      </fields>
      <pins>
        <pin num="1" name="" type="passive"/>
        <pin num="2" name="" type="passive"/>
      </pins>
    </libpart>
    <libpart lib="Device" part="LED">
      <description>Light emitting diode</description>
      <docs>~</docs>
      <footprints>
        <fp>LED*</fp>
        <fp>LED_SMD:*</fp>
        <fp>LED_THT:*</fp>
      </footprints>
      <fields>
        <field name="Reference">D</field>
        <field name="Value">LED</field>
        <field name="Datasheet">~</field>
      </fields>
      <pins>
        <pin num="1" name="K" type="passive"/>
        <pin num="2" name="A" type="passive"/>
      </pins>
    </libpart>
    <libpart lib="Device" part="R">
      <description>Resistor</description>
      <docs>~</docs>
      <footprints>
        <fp>R_*</fp>
      </footprints>
      <fields>
        <field name="Reference">R</field>
        <field name="Value">R</field>
        <field name="Datasheet">~</field>
      </fields>
      <pins>
        <pin num="1" name="" type="passive"/>
        <pin num="2" name="" type="passive"/>
      </pins>
    </libpart>
    <libpart lib="Eralp's Library" part="SW_Push">
      <description>Push button switch, generic, two pins</description>
      <docs>~</docs>
      <fields>
        <field name="Reference">SW</field>
        <field name="Value">SW_Push</field>
        <field name="Footprint">Button_Switch_SMD:13019319</field>
        <field name="Datasheet">~</field>
      </fields>
      <pins>
        <pin num="1" name="1" type="passive"/>
        <pin num="2" name="2" type="passive"/>
      </pins>
    </libpart>
    <libpart lib="Jumper" part="SolderJumper_2_Open">
      <description>Solder Jumper, 2-pole, open</description>
      <docs>~</docs>
      <footprints>
        <fp>SolderJumper*Open*</fp>
      </footprints>
      <fields>
        <field name="Reference">JP</field>
        <field name="Value">SolderJumper_2_Open</field>
        <field name="Datasheet">~</field>
      </fields>
      <pins>
        <pin num="1" name="A" type="passive"/>
        <pin num="2" name="B" type="passive"/>
      </pins>
    </libpart>
    <libpart lib="MAX9928FAUA+" part="MAX9928FAUA+">
      <description>Maxim MAX9928FAUA+, Current Sensing Amplifier Single Bidirectional, Unidirectional 8-Pin uMAX</description>
      <docs>https://datasheet.datasheetarchive.com/originals/dk/DKDS-7/138374.pdf</docs>
      <fields>
        <field name="Reference">IC</field>
        <field name="Value">MAX9928FAUA+</field>
        <field name="Footprint">SOP65P490X110-8N</field>
        <field name="Datasheet">https://datasheet.datasheetarchive.com/originals/dk/DKDS-7/138374.pdf</field>
        <field name="Description">Maxim MAX9928FAUA+, Current Sensing Amplifier Single Bidirectional, Unidirectional 8-Pin uMAX</field>
        <field name="Height">1.1</field>
        <field name="Manufacturer_Name">Maxim Integrated</field>
        <field name="Manufacturer_Part_Number">MAX9928FAUA+</field>
        <field name="Mouser Part Number">700-MAX9928FAUA</field>
        <field name="Mouser Price/Stock">https://www.mouser.co.uk/ProductDetail/Maxim-Integrated/MAX9928FAUA%2b?qs=1eQvB6Dk1vjuLd8AJ8%252BsIw%3D%3D</field>
      </fields>
      <pins>
        <pin num="1" name="RS-" type="passive"/>
        <pin num="2" name="SIGN" type="passive"/>
        <pin num="3" name="RS+" type="passive"/>
        <pin num="4" name="N.C._1" type="passive"/>
        <pin num="5" name="N.C._2" type="passive"/>
        <pin num="6" name="VCC" type="passive"/>
        <pin num="7" name="GND" type="passive"/>
        <pin num="8" name="OUT" type="passive"/>
      </pins>
    </libpart>
    <libpart lib="MC74ACT00DG" part="MC74ACT00DG">
      <description>ON SEMICONDUCTOR - MC74ACT00DG - IC, QUAD NAND GATE, 2I/P, SOIC-14</description>
      <docs>http://www.onsemi.com/pub/Collateral/MC74AC00-D.PDF</docs>
      <fields>
        <field name="Reference">IC</field>
        <field name="Value">MC74ACT00DG</field>
        <field name="Footprint">SOIC127P600X175-14N</field>
        <field name="Datasheet">http://www.onsemi.com/pub/Collateral/MC74AC00-D.PDF</field>
        <field name="Description">ON SEMICONDUCTOR - MC74ACT00DG - IC, QUAD NAND GATE, 2I/P, SOIC-14</field>
        <field name="Height">1.75</field>
        <field name="Manufacturer_Name">onsemi</field>
        <field name="Manufacturer_Part_Number">MC74ACT00DG</field>
        <field name="Mouser Part Number">863-MC74ACT00DG</field>
        <field name="Mouser Price/Stock">https://www.mouser.com/Search/Refine.aspx?Keyword=863-MC74ACT00DG</field>
      </fields>
      <pins>
        <pin num="1" name="A1" type="passive"/>
        <pin num="2" name="B1" type="passive"/>
        <pin num="3" name="Y1" type="passive"/>
        <pin num="4" name="A2" type="passive"/>
        <pin num="5" name="B2" type="passive"/>
        <pin num="6" name="Y2" type="passive"/>
        <pin num="7" name="GND" type="power_in"/>
        <pin num="8" name="Y3" type="passive"/>
        <pin num="9" name="A3" type="passive"/>
        <pin num="10" name="B3" type="passive"/>
        <pin num="11" name="Y4" type="passive"/>
        <pin num="12" name="A4" type="passive"/>
        <pin num="13" name="B4" type="passive"/>
        <pin num="14" name="VCC" type="power_in"/>
      </pins>
    </libpart>
    <libpart lib="MCU_Microchip_ATtiny" part="ATtiny85-20S">
      <description>20MHz, 8kB Flash, 512B SRAM, 512B EEPROM, debugWIRE, SOIC-8W</description>
      <docs>http://ww1.microchip.com/downloads/en/DeviceDoc/atmel-2586-avr-8-bit-microcontroller-attiny25-attiny45-attiny85_datasheet.pdf</docs>
      <footprints>
        <fp>SOIC*5.3x5.3mm*P1.27mm*</fp>
      </footprints>
      <fields>
        <field name="Reference">U</field>
        <field name="Value">ATtiny85-20S</field>
        <field name="Footprint">Package_SO:SOIC-8W_5.3x5.3mm_P1.27mm</field>
        <field name="Datasheet">http://ww1.microchip.com/downloads/en/DeviceDoc/atmel-2586-avr-8-bit-microcontroller-attiny25-attiny45-attiny85_datasheet.pdf</field>
      </fields>
      <pins>
        <pin num="1" name="~{RESET}/PB5" type="bidirectional"/>
        <pin num="2" name="XTAL1/PB3" type="bidirectional"/>
        <pin num="3" name="XTAL2/PB4" type="bidirectional"/>
        <pin num="4" name="GND" type="power_in"/>
        <pin num="5" name="AREF/PB0" type="bidirectional"/>
        <pin num="6" name="PB1" type="bidirectional"/>
        <pin num="7" name="PB2" type="bidirectional"/>
        <pin num="8" name="VCC" type="power_in"/>
      </pins>
    </libpart>
    <libpart lib="Simulation_SPICE" part="DIODE">
      <description>Diode, anode on pin 1, for simulation only!</description>
      <docs>~</docs>
      <fields>
        <field name="Reference">D</field>
        <field name="Value">DIODE</field>
        <field name="Datasheet">~</field>
        <field name="Spice_Netlist_Enabled">Y</field>
        <field name="Spice_Primitive">D</field>
      </fields>
      <pins>
        <pin num="1" name="A" type="passive"/>
        <pin num="2" name="K" type="passive"/>
      </pins>
    </libpart>
    <libpart lib="Transistor_BJT" part="BC547">
      <description>0.1A Ic, 45V Vce, Small Signal NPN Transistor, TO-92</description>
      <docs>https://www.onsemi.com/pub/Collateral/BC550-D.pdf</docs>
      <footprints>
        <fp>TO?92*</fp>
      </footprints>
      <fields>
        <field name="Reference">Q</field>
        <field name="Value">BC547</field>
        <field name="Footprint">Package_TO_SOT_THT:TO-92_Inline</field>
        <field name="Datasheet">https://www.onsemi.com/pub/Collateral/BC550-D.pdf</field>
      </fields>
      <pins>
        <pin num="1" name="C" type="passive"/>
        <pin num="2" name="B" type="input"/>
        <pin num="3" name="E" type="passive"/>
      </pins>
    </libpart>
    <libpart lib="Transistor_BJT" part="BC557">
      <description>0.1A Ic, 45V Vce, PNP Small Signal Transistor, TO-92</description>
      <docs>https://www.onsemi.com/pub/Collateral/BC556BTA-D.pdf</docs>
      <footprints>
        <fp>TO?92*</fp>
      </footprints>
      <fields>
        <field name="Reference">Q</field>
        <field name="Value">BC557</field>
        <field name="Footprint">Package_TO_SOT_THT:TO-92_Inline</field>
        <field name="Datasheet">https://www.onsemi.com/pub/Collateral/BC556BTA-D.pdf</field>
      </fields>
      <pins>
        <pin num="1" name="C" type="passive"/>
        <pin num="2" name="B" type="input"/>
        <pin num="3" name="E" type="passive"/>
      </pins>
    </libpart>
  </libparts>
  <libraries>
    <library logical="000_Modules_Immo">
      <uri>C:/Program Files/KiCad/6.0/lib/000_Modules_Immo.kicad_sym</uri>
    </library>
    <library logical="CD74HC08QM96EP">
      <uri>C:/Program Files/KiCad/6.0/lib/AND IC/CD74HC08QM96EP.lib</uri>
    </library>
    <library logical="Connector">
      <uri>C:\Program Files\KiCad\6.0\share\kicad\symbols\/Connector.kicad_sym</uri>
    </library>
    <library logical="Connector_Generic">
      <uri>C:\Program Files\KiCad\6.0\share\kicad\symbols\/Connector_Generic.kicad_sym</uri>
    </library>
    <library logical="Device">
      <uri>C:\Program Files\KiCad\6.0\share\kicad\symbols\/Device.kicad_sym</uri>
    </library>
    <library logical="Eralp's Library">
      <uri>C:/Users/mcalhan/Documents/KiCad/6.0/symbols/Eralp's Library.kicad_sym</uri>
    </library>
    <library logical="Jumper">
      <uri>C:\Program Files\KiCad\6.0\share\kicad\symbols\/Jumper.kicad_sym</uri>
    </library>
    <library logical="MAX9928FAUA+">
      <uri>C:/Program Files/KiCad/6.0/lib/Current Sense Amplifier/MAX9928FAUA+.lib</uri>
    </library>
    <library logical="MC74ACT00DG">
      <uri>C:/Program Files/KiCad/6.0/lib/NAND IC/MC74ACT00DG.lib</uri>
    </library>
    <library logical="MCU_Microchip_ATtiny">
      <uri>C:\Program Files\KiCad\6.0\share\kicad\symbols\/MCU_Microchip_ATtiny.kicad_sym</uri>
    </library>
    <library logical="Simulation_SPICE">
      <uri>C:\Program Files\KiCad\6.0\share\kicad\symbols\/Simulation_SPICE.kicad_sym</uri>
    </library>
    <library logical="Transistor_BJT">
      <uri>C:\Program Files\KiCad\6.0\share\kicad\symbols\/Transistor_BJT.kicad_sym</uri>
    </library>
  </libraries>
  <nets>
    <net code="1" name="AND_STU_LED_1">
      <node ref="IC1" pin="8" pinfunction="3Y" pintype="passive"/>
      <node ref="IC4" pin="2" pinfunction="B1" pintype="passive"/>
    </net>
    <net code="2" name="AND_STU_LED_2">
      <node ref="IC1" pin="11" pinfunction="4Y" pintype="passive"/>
      <node ref="IC4" pin="5" pinfunction="B2" pintype="passive"/>
    </net>
    <net code="3" name="AND_STU_LED_3">
      <node ref="IC2" pin="11" pinfunction="Y4" pintype="passive"/>
      <node ref="IC4" pin="10" pinfunction="B3" pintype="passive"/>
    </net>
    <net code="4" name="AND_SUP_LED_1">
      <node ref="IC1" pin="3" pinfunction="1Y" pintype="passive"/>
      <node ref="IC4" pin="1" pinfunction="A1" pintype="passive"/>
    </net>
    <net code="5" name="AND_SUP_LED_2">
      <node ref="IC1" pin="6" pinfunction="2Y" pintype="passive"/>
      <node ref="IC4" pin="4" pinfunction="A2" pintype="passive"/>
    </net>
    <net code="6" name="AND_SUP_LED_3">
      <node ref="IC2" pin="6" pinfunction="Y2" pintype="passive"/>
      <node ref="IC4" pin="9" pinfunction="A3" pintype="passive"/>
    </net>
    <net code="7" name="CURRENT_SENSE_OUT">
      <node ref="A1" pin="9" pinfunction="IS_1" pintype="input"/>
      <node ref="IC5" pin="8" pinfunction="OUT" pintype="passive"/>
    </net>
    <net code="8" name="CURRENT_SIGN_OUT">
      <node ref="A1" pin="10" pinfunction="IS_2" pintype="input"/>
      <node ref="IC5" pin="2" pinfunction="SIGN" pintype="passive"/>
    </net>
    <net code="9" name="DRIVE_5V">
      <node ref="C1" pin="1" pintype="passive"/>
      <node ref="C2" pin="1" pintype="passive"/>
      <node ref="C3" pin="1" pintype="passive"/>
      <node ref="J7" pin="1" pinfunction="Pin_1" pintype="passive"/>
      <node ref="Q1" pin="3" pinfunction="E" pintype="passive"/>
    </net>
    <net code="10" name="DRIVE_GND">
      <node ref="C1" pin="2" pintype="passive"/>
      <node ref="C2" pin="2" pintype="passive"/>
      <node ref="C3" pin="2" pintype="passive"/>
      <node ref="D4" pin="1" pinfunction="A" pintype="passive"/>
      <node ref="J2" pin="1" pinfunction="Pin_1" pintype="passive"/>
      <node ref="J5" pin="1" pinfunction="Pin_1" pintype="passive"/>
      <node ref="Q2" pin="3" pinfunction="E" pintype="passive"/>
    </net>
    <net code="11" name="DRIVE_INPUT">
      <node ref="A1" pin="27" pinfunction="INH_1" pintype="input"/>
      <node ref="A1" pin="28" pinfunction="INH_2" pintype="input"/>
      <node ref="J1" pin="3" pinfunction="SCK" pintype="passive"/>
      <node ref="U10" pin="7" pinfunction="PB2" pintype="bidirectional"/>
    </net>
    <net code="12" name="DRIVE_MCU">
      <node ref="R4" pin="2" pintype="passive"/>
      <node ref="U10" pin="3" pinfunction="XTAL2/PB4" pintype="bidirectional"/>
    </net>
    <net code="13" name="D_5V">
      <node ref="A1" pin="5" pinfunction="5V" pintype="input"/>
      <node ref="C4" pin="1" pintype="passive"/>
      <node ref="C5" pin="1" pintype="passive"/>
      <node ref="C6" pin="1" pintype="passive"/>
      <node ref="C7" pin="1" pintype="passive"/>
      <node ref="C8" pin="1" pintype="passive"/>
      <node ref="C9" pin="1" pintype="passive"/>
      <node ref="IC1" pin="14" pinfunction="VCC" pintype="passive"/>
      <node ref="IC2" pin="14" pinfunction="VCC" pintype="power_in"/>
      <node ref="IC3" pin="14" pinfunction="VCC" pintype="power_in"/>
      <node ref="IC4" pin="14" pinfunction="VCC" pintype="power_in"/>
      <node ref="IC5" pin="6" pinfunction="VCC" pintype="passive"/>
      <node ref="J1" pin="2" pinfunction="VCC" pintype="passive"/>
      <node ref="R6" pin="2" pintype="passive"/>
      <node ref="U10" pin="8" pinfunction="VCC" pintype="power_in"/>
    </net>
    <net code="14" name="D_GND">
      <node ref="A1" pin="7" pinfunction="GND" pintype="power_in"/>
      <node ref="C4" pin="2" pintype="passive"/>
      <node ref="C5" pin="2" pintype="passive"/>
      <node ref="C6" pin="2" pintype="passive"/>
      <node ref="C7" pin="2" pintype="passive"/>
      <node ref="C8" pin="2" pintype="passive"/>
      <node ref="C9" pin="2" pintype="passive"/>
      <node ref="IC1" pin="7" pinfunction="GND" pintype="passive"/>
      <node ref="IC2" pin="7" pinfunction="GND" pintype="power_in"/>
      <node ref="IC3" pin="7" pinfunction="GND" pintype="power_in"/>
      <node ref="IC4" pin="7" pinfunction="GND" pintype="power_in"/>
      <node ref="IC5" pin="7" pinfunction="GND" pintype="passive"/>
      <node ref="J1" pin="6" pinfunction="GND" pintype="passive"/>
      <node ref="J4" pin="1" pinfunction="Pin_1" pintype="passive"/>
      <node ref="R1" pin="1" pintype="passive"/>
      <node ref="R2" pin="1" pintype="passive"/>
      <node ref="R3" pin="1" pintype="passive"/>
      <node ref="SW1" pin="1" pinfunction="1" pintype="passive"/>
      <node ref="U10" pin="4" pinfunction="GND" pintype="power_in"/>
    </net>
    <net code="15" name="INV_1">
      <node ref="IC1" pin="2" pinfunction="1B" pintype="passive"/>
      <node ref="IC3" pin="3" pinfunction="Y1" pintype="passive"/>
    </net>
    <net code="16" name="INV_2">
      <node ref="IC1" pin="5" pinfunction="2B" pintype="passive"/>
      <node ref="IC3" pin="6" pinfunction="Y2" pintype="passive"/>
    </net>
    <net code="17" name="INV_3">
      <node ref="IC2" pin="2" pinfunction="B1" pintype="passive"/>
      <node ref="IC3" pin="8" pinfunction="Y3" pintype="passive"/>
    </net>
    <net code="18" name="LOAD_INPUT">
      <node ref="A1" pin="19" pinfunction="D4" pintype="bidirectional"/>
      <node ref="J1" pin="1" pinfunction="MISO" pintype="passive"/>
      <node ref="U10" pin="6" pinfunction="PB1" pintype="bidirectional"/>
    </net>
    <net code="19" name="LOAD_MCU">
      <node ref="R5" pin="2" pintype="passive"/>
      <node ref="U10" pin="2" pinfunction="XTAL1/PB3" pintype="bidirectional"/>
    </net>
    <net code="20" name="Net-(D1-Pad1)">
      <node ref="D1" pin="1" pinfunction="K" pintype="passive"/>
      <node ref="R1" pin="2" pintype="passive"/>
    </net>
    <net code="21" name="Net-(D2-Pad1)">
      <node ref="D2" pin="1" pinfunction="K" pintype="passive"/>
      <node ref="R2" pin="2" pintype="passive"/>
    </net>
    <net code="22" name="Net-(D3-Pad1)">
      <node ref="D3" pin="1" pinfunction="K" pintype="passive"/>
      <node ref="R3" pin="2" pintype="passive"/>
    </net>
    <net code="23" name="Net-(D4-Pad2)">
      <node ref="D4" pin="2" pinfunction="K" pintype="passive"/>
      <node ref="IC5" pin="1" pinfunction="RS-" pintype="passive"/>
      <node ref="JP1" pin="1" pinfunction="A" pintype="passive"/>
      <node ref="Q1" pin="1" pinfunction="C" pintype="passive"/>
      <node ref="Q2" pin="1" pinfunction="C" pintype="passive"/>
      <node ref="R7" pin="1" pintype="passive"/>
    </net>
    <net code="24" name="Net-(IC2-Pad3)">
      <node ref="IC2" pin="3" pinfunction="Y1" pintype="passive"/>
      <node ref="IC2" pin="4" pinfunction="A2" pintype="passive"/>
      <node ref="IC2" pin="5" pinfunction="B2" pintype="passive"/>
    </net>
    <net code="25" name="Net-(IC2-Pad12)">
      <node ref="IC2" pin="12" pinfunction="A4" pintype="passive"/>
      <node ref="IC2" pin="13" pinfunction="B4" pintype="passive"/>
      <node ref="IC2" pin="8" pinfunction="Y3" pintype="passive"/>
    </net>
    <net code="26" name="Net-(IC5-Pad3)">
      <node ref="IC5" pin="3" pinfunction="RS+" pintype="passive"/>
      <node ref="J2" pin="2" pinfunction="Pin_2" pintype="passive"/>
      <node ref="JP1" pin="2" pinfunction="B" pintype="passive"/>
      <node ref="R7" pin="2" pintype="passive"/>
    </net>
    <net code="27" name="Net-(J1-Pad4)">
      <node ref="J1" pin="4" pinfunction="MOSI" pintype="passive"/>
      <node ref="U10" pin="5" pinfunction="AREF/PB0" pintype="bidirectional"/>
    </net>
    <net code="28" name="Net-(J1-Pad5)">
      <node ref="J1" pin="5" pinfunction="~{RST}" pintype="passive"/>
      <node ref="R6" pin="1" pintype="passive"/>
      <node ref="SW1" pin="2" pinfunction="2" pintype="passive"/>
      <node ref="U10" pin="1" pinfunction="~{RESET}/PB5" pintype="bidirectional"/>
    </net>
    <net code="29" name="Net-(Q1-Pad2)">
      <node ref="Q1" pin="2" pinfunction="B" pintype="input"/>
      <node ref="R4" pin="1" pintype="passive"/>
    </net>
    <net code="30" name="Net-(Q2-Pad2)">
      <node ref="Q2" pin="2" pinfunction="B" pintype="input"/>
      <node ref="R5" pin="1" pintype="passive"/>
    </net>
    <net code="31" name="OR_OUT_1">
      <node ref="D1" pin="2" pinfunction="A" pintype="passive"/>
      <node ref="IC4" pin="3" pinfunction="Y1" pintype="passive"/>
      <node ref="J4" pin="4" pinfunction="Pin_4" pintype="passive"/>
    </net>
    <net code="32" name="OR_OUT_2">
      <node ref="D2" pin="2" pinfunction="A" pintype="passive"/>
      <node ref="IC4" pin="6" pinfunction="Y2" pintype="passive"/>
      <node ref="J4" pin="3" pinfunction="Pin_3" pintype="passive"/>
    </net>
    <net code="33" name="OR_OUT_3">
      <node ref="D3" pin="2" pinfunction="A" pintype="passive"/>
      <node ref="IC4" pin="8" pinfunction="Y3" pintype="passive"/>
      <node ref="J4" pin="2" pinfunction="Pin_2" pintype="passive"/>
    </net>
    <net code="34" name="STUDENT_ENABLE">
      <node ref="A1" pin="20" pinfunction="D5" pintype="bidirectional"/>
      <node ref="IC1" pin="10" pinfunction="3B" pintype="passive"/>
      <node ref="IC1" pin="13" pinfunction="4B" pintype="passive"/>
      <node ref="IC2" pin="10" pinfunction="B3" pintype="passive"/>
      <node ref="IC3" pin="1" pinfunction="A1" pintype="passive"/>
      <node ref="IC3" pin="10" pinfunction="B3" pintype="passive"/>
      <node ref="IC3" pin="2" pinfunction="B1" pintype="passive"/>
      <node ref="IC3" pin="4" pinfunction="A2" pintype="passive"/>
      <node ref="IC3" pin="5" pinfunction="B2" pintype="passive"/>
      <node ref="IC3" pin="9" pinfunction="A3" pintype="passive"/>
    </net>
    <net code="35" name="STU_LED_1">
      <node ref="A1" pin="21" pinfunction="D6" pintype="bidirectional"/>
      <node ref="IC1" pin="9" pinfunction="3A" pintype="passive"/>
    </net>
    <net code="36" name="STU_LED_2">
      <node ref="A1" pin="22" pinfunction="D7" pintype="bidirectional"/>
      <node ref="IC1" pin="12" pinfunction="4A" pintype="passive"/>
    </net>
    <net code="37" name="STU_LED_3">
      <node ref="A1" pin="23" pinfunction="D8" pintype="bidirectional"/>
      <node ref="IC2" pin="9" pinfunction="A3" pintype="passive"/>
    </net>
    <net code="38" name="SUP_LED_1">
      <node ref="A1" pin="25" pinfunction="D10" pintype="bidirectional"/>
      <node ref="IC1" pin="1" pinfunction="1A" pintype="passive"/>
    </net>
    <net code="39" name="SUP_LED_2">
      <node ref="A1" pin="17" pinfunction="D2" pintype="bidirectional"/>
      <node ref="IC1" pin="4" pinfunction="2A" pintype="passive"/>
    </net>
    <net code="40" name="SUP_LED_3">
      <node ref="A1" pin="24" pinfunction="D9" pintype="bidirectional"/>
      <node ref="IC2" pin="1" pinfunction="A1" pintype="passive"/>
    </net>
    <net code="41" name="unconnected-(A1-Pad1)">
      <node ref="A1" pin="1" pinfunction="NC" pintype="no_connect"/>
    </net>
    <net code="42" name="unconnected-(A1-Pad2)">
      <node ref="A1" pin="2" pinfunction="IOREF" pintype="no_connect"/>
    </net>
    <net code="43" name="unconnected-(A1-Pad3)">
      <node ref="A1" pin="3" pinfunction="~{RESET}" pintype="no_connect"/>
    </net>
    <net code="44" name="unconnected-(A1-Pad4)">
      <node ref="A1" pin="4" pinfunction="3V3" pintype="no_connect"/>
    </net>
    <net code="45" name="unconnected-(A1-Pad6)">
      <node ref="A1" pin="6" pinfunction="GND" pintype="power_in+no_connect"/>
    </net>
    <net code="46" name="unconnected-(A1-Pad8)">
      <node ref="A1" pin="8" pinfunction="Vin" pintype="input+no_connect"/>
    </net>
    <net code="47" name="unconnected-(A1-Pad11)">
      <node ref="A1" pin="11" pinfunction="A2" pintype="no_connect"/>
    </net>
    <net code="48" name="unconnected-(A1-Pad12)">
      <node ref="A1" pin="12" pinfunction="A3" pintype="no_connect"/>
    </net>
    <net code="49" name="unconnected-(A1-Pad13)">
      <node ref="A1" pin="13" pinfunction="A4" pintype="no_connect"/>
    </net>
    <net code="50" name="unconnected-(A1-Pad14)">
      <node ref="A1" pin="14" pinfunction="A5" pintype="no_connect"/>
    </net>
    <net code="51" name="unconnected-(A1-Pad15)">
      <node ref="A1" pin="15" pinfunction="D0/RX" pintype="bidirectional+no_connect"/>
    </net>
    <net code="52" name="unconnected-(A1-Pad16)">
      <node ref="A1" pin="16" pinfunction="D1/TX" pintype="bidirectional+no_connect"/>
    </net>
    <net code="53" name="unconnected-(A1-Pad18)">
      <node ref="A1" pin="18" pinfunction="IN_1" pintype="bidirectional+no_connect"/>
    </net>
    <net code="54" name="unconnected-(A1-Pad26)">
      <node ref="A1" pin="26" pinfunction="IN_2" pintype="input+no_connect"/>
    </net>
    <net code="55" name="unconnected-(A1-Pad29)">
      <node ref="A1" pin="29" pinfunction="GND" pintype="power_in+no_connect"/>
    </net>
    <net code="56" name="unconnected-(A1-Pad30)">
      <node ref="A1" pin="30" pinfunction="AREF" pintype="no_connect"/>
    </net>
    <net code="57" name="unconnected-(A1-Pad31)">
      <node ref="A1" pin="31" pinfunction="SDA/A4" pintype="no_connect"/>
    </net>
    <net code="58" name="unconnected-(A1-Pad32)">
      <node ref="A1" pin="32" pinfunction="SCL/A5" pintype="no_connect"/>
    </net>
    <net code="59" name="unconnected-(A1-Pad33)">
      <node ref="A1" pin="33" pinfunction="PWRGND" pintype="power_in+no_connect"/>
    </net>
    <net code="60" name="unconnected-(A1-Pad34)">
      <node ref="A1" pin="34" pinfunction="VBAT" pintype="power_in+no_connect"/>
    </net>
    <net code="61" name="unconnected-(A1-Pad35)">
      <node ref="A1" pin="35" pinfunction="OUT2" pintype="output+no_connect"/>
    </net>
    <net code="62" name="unconnected-(A1-Pad36)">
      <node ref="A1" pin="36" pinfunction="M_GND" pintype="power_in+no_connect"/>
    </net>
    <net code="63" name="unconnected-(A1-Pad37)">
      <node ref="A1" pin="37" pinfunction="OUT1" pintype="output+no_connect"/>
    </net>
    <net code="64" name="unconnected-(IC3-Pad11)">
      <node ref="IC3" pin="11" pinfunction="Y4" pintype="passive+no_connect"/>
    </net>
    <net code="65" name="unconnected-(IC3-Pad12)">
      <node ref="IC3" pin="12" pinfunction="A4" pintype="passive+no_connect"/>
    </net>
    <net code="66" name="unconnected-(IC3-Pad13)">
      <node ref="IC3" pin="13" pinfunction="B4" pintype="passive+no_connect"/>
    </net>
    <net code="67" name="unconnected-(IC4-Pad11)">
      <node ref="IC4" pin="11" pinfunction="Y4" pintype="passive+no_connect"/>
    </net>
    <net code="68" name="unconnected-(IC4-Pad12)">
      <node ref="IC4" pin="12" pinfunction="A4" pintype="passive+no_connect"/>
    </net>
    <net code="69" name="unconnected-(IC4-Pad13)">
      <node ref="IC4" pin="13" pinfunction="B4" pintype="passive+no_connect"/>
    </net>
    <net code="70" name="unconnected-(IC5-Pad4)">
      <node ref="IC5" pin="4" pinfunction="N.C._1" pintype="passive+no_connect"/>
    </net>
    <net code="71" name="unconnected-(IC5-Pad5)">
      <node ref="IC5" pin="5" pinfunction="N.C._2" pintype="passive+no_connect"/>
    </net>
  </nets>
</export>
